{
    "name": "root",
    "gauges": {
        "MoveToGoal.Policy.Entropy.mean": {
            "value": 1.3501956462860107,
            "min": 1.3406269550323486,
            "max": 1.4577622413635254,
            "count": 50
        },
        "MoveToGoal.Policy.Entropy.sum": {
            "value": 13501.95703125,
            "min": 13088.58984375,
            "max": 15017.5625,
            "count": 50
        },
        "MoveToGoal.Environment.EpisodeLength.mean": {
            "value": 13.207920792079207,
            "min": 13.207920792079207,
            "max": 124.41666666666667,
            "count": 50
        },
        "MoveToGoal.Environment.EpisodeLength.sum": {
            "value": 9338.0,
            "min": 8929.0,
            "max": 10557.0,
            "count": 50
        },
        "MoveToGoal.Step.mean": {
            "value": 499988.0,
            "min": 9990.0,
            "max": 499988.0,
            "count": 50
        },
        "MoveToGoal.Step.sum": {
            "value": 499988.0,
            "min": 9990.0,
            "max": 499988.0,
            "count": 50
        },
        "MoveToGoal.Policy.ExtrinsicValueEstimate.mean": {
            "value": 0.8458462357521057,
            "min": -0.02037092298269272,
            "max": 0.8458462357521057,
            "count": 50
        },
        "MoveToGoal.Policy.ExtrinsicValueEstimate.sum": {
            "value": 628.4637451171875,
            "min": -4.237152099609375,
            "max": 628.4637451171875,
            "count": 50
        },
        "MoveToGoal.Environment.CumulativeReward.mean": {
            "value": 0.9135977337110481,
            "min": 0.06944444444444445,
            "max": 0.9528907922912205,
            "count": 50
        },
        "MoveToGoal.Environment.CumulativeReward.sum": {
            "value": 645.0,
            "min": 5.0,
            "max": 645.0,
            "count": 50
        },
        "MoveToGoal.Policy.ExtrinsicReward.mean": {
            "value": 0.9135977337110481,
            "min": 0.06944444444444445,
            "max": 0.9528907922912205,
            "count": 50
        },
        "MoveToGoal.Policy.ExtrinsicReward.sum": {
            "value": 645.0,
            "min": 5.0,
            "max": 645.0,
            "count": 50
        },
        "MoveToGoal.Losses.PolicyLoss.mean": {
            "value": 0.237758256760592,
            "min": 0.23438270279349768,
            "max": 0.2511045849097567,
            "count": 50
        },
        "MoveToGoal.Losses.PolicyLoss.sum": {
            "value": 20.684968338171505,
            "min": 12.195085234590755,
            "max": 21.712406003362172,
            "count": 50
        },
        "MoveToGoal.Losses.ValueLoss.mean": {
            "value": 0.05652314389232511,
            "min": 0.009000939082997797,
            "max": 0.0846431706821197,
            "count": 50
        },
        "MoveToGoal.Losses.ValueLoss.sum": {
            "value": 4.917513518632284,
            "min": 0.7200751266398238,
            "max": 7.2793126786622935,
            "count": 50
        },
        "MoveToGoal.Policy.LearningRate.mean": {
            "value": 3.0882437982045968e-06,
            "min": 3.0882437982045968e-06,
            "max": 0.0002966205317387347,
            "count": 50
        },
        "MoveToGoal.Policy.LearningRate.sum": {
            "value": 0.0002686772104437999,
            "min": 0.0002686772104437999,
            "max": 0.0228799061733648,
            "count": 50
        },
        "MoveToGoal.Policy.Epsilon.mean": {
            "value": 0.1010293816091954,
            "min": 0.1010293816091954,
            "max": 0.19887351020408167,
            "count": 50
        },
        "MoveToGoal.Policy.Epsilon.sum": {
            "value": 8.7895562,
            "min": 8.7895562,
            "max": 16.0655524,
            "count": 50
        },
        "MoveToGoal.Policy.Beta.mean": {
            "value": 1.5043969885057468e-05,
            "min": 1.5043969885057468e-05,
            "max": 0.0004944802,
            "count": 50
        },
        "MoveToGoal.Policy.Beta.sum": {
            "value": 0.0013088253799999998,
            "min": 0.0013088253799999998,
            "max": 0.03819051248,
            "count": 50
        },
        "MoveToGoal.IsTraining.mean": {
            "value": 1.0,
            "min": 1.0,
            "max": 1.0,
            "count": 50
        },
        "MoveToGoal.IsTraining.sum": {
            "value": 1.0,
            "min": 1.0,
            "max": 1.0,
            "count": 50
        }
    },
    "metadata": {
        "timer_format_version": "0.1.0",
        "start_time_seconds": "1635459296",
        "python_version": "3.7.4 (default, Aug 13 2019, 15:17:50) \n[Clang 4.0.1 (tags/RELEASE_401/final)]",
        "command_line_arguments": "/Users/ctsalidis/Desktop/University/Medialogy/MED7/Machine Learning/Miniproject/MED7_ML_Miniproject/Unity_ML/venv/bin/mlagents-learn config/moveToGoal.yaml --run-id=MoveToGoal4",
        "mlagents_version": "0.27.0",
        "mlagents_envs_version": "0.27.0",
        "communication_protocol_version": "1.5.0",
        "pytorch_version": "1.8.1",
        "numpy_version": "1.21.3",
        "end_time_seconds": "1635460071"
    },
    "total": 775.31555068,
    "count": 1,
    "self": 0.007079836000002615,
    "children": {
        "run_training.setup": {
            "total": 0.032115440000000106,
            "count": 1,
            "self": 0.032115440000000106
        },
        "TrainerController.start_learning": {
            "total": 775.276355404,
            "count": 1,
            "self": 1.0660104259990248,
            "children": {
                "TrainerController._reset_env": {
                    "total": 19.667650027999997,
                    "count": 1,
                    "self": 19.667650027999997
                },
                "TrainerController.advance": {
                    "total": 754.504202851001,
                    "count": 42472,
                    "self": 0.99202492501297,
                    "children": {
                        "env_step": {
                            "total": 248.43524888799567,
                            "count": 42472,
                            "self": 232.08357140099082,
                            "children": {
                                "SubprocessEnvManager._take_step": {
                                    "total": 15.829892680001109,
                                    "count": 42472,
                                    "self": 1.8037121099963684,
                                    "children": {
                                        "TorchPolicy.evaluate": {
                                            "total": 14.02618057000474,
                                            "count": 25015,
                                            "self": 2.931423020010129,
                                            "children": {
                                                "TorchPolicy.sample_actions": {
                                                    "total": 11.094757549994611,
                                                    "count": 25015,
                                                    "self": 11.094757549994611
                                                }
                                            }
                                        }
                                    }
                                },
                                "workers": {
                                    "total": 0.5217848070037299,
                                    "count": 42472,
                                    "self": 0.0,
                                    "children": {
                                        "worker_root": {
                                            "total": 773.8310923619974,
                                            "count": 42472,
                                            "is_parallel": true,