{
    "name": "root",
    "metadata": {
        "timer_format_version": "0.1.0",
        "start_time_seconds": "1635441755",
        "python_version": "3.7.4 (default, Aug 13 2019, 15:17:50) \n[Clang 4.0.1 (tags/RELEASE_401/final)]",
        "command_line_arguments": "/Users/ctsalidis/Desktop/University/Medialogy/MED7/Machine Learning/Miniproject/MED7_ML_Miniproject/Unity_ML/venv/bin/mlagents-learn",
        "mlagents_version": "0.27.0",
        "mlagents_envs_version": "0.27.0",
        "communication_protocol_version": "1.5.0",
        "pytorch_version": "1.8.1",
        "numpy_version": "1.21.3",
        "end_time_seconds": "1635441916"
    },
    "total": 161.13193471699998,
    "count": 1,
    "self": 0.006815213999999514,
    "children": {
        "run_training.setup": {
            "total": 0.027520052999999933,
            "count": 1,
            "self": 0.027520052999999933
        },
        "TrainerController.start_learning": {
            "total": 161.09759945,
            "count": 1,
            "self": 0.41825619499994104,
            "children": {
                "TrainerController._reset_env": {
                    "total": 18.153370377999998,
                    "count": 1,
                    "self": 18.153370377999998
                },
                "TrainerController.advance": {
                    "total": 142.33737318600004,
                    "count": 17697,
                    "self": 0.42122791900044376,
                    "children": {
                        "env_step": {
                            "total": 137.8808821529995,
                            "count": 17697,
                            "self": 121.9327936349983,
                            "children": {
                                "SubprocessEnvManager._take_step": {
                                    "total": 15.708067852000756,
                                    "count": 17697,
                                    "self": 0.9771974850009855,
                                    "children": {
                                        "TorchPolicy.evaluate": {
                                            "total": 14.73087036699977,
                                            "count": 17697,
                                            "self": 4.294268463999945,
                                            "children": {
                                                "TorchPolicy.sample_actions": {
                                                    "total": 10.436601902999826,
                                                    "count": 17697,
                                                    "self": 10.436601902999826
                                                }
                                            }
                                        }
                                    }
                                },
                                "workers": {
                                    "total": 0.24002066600044714,
                                    "count": 17696,
                                    "self": 0.0,
                                    "children": {
                                        "worker_root": {
                                            "total": 160.2956855499994,
                                            "count": 17696,
                                            "is_parallel": true,
                                            "self": 54.75702632299851,
                                            "children": {
                                                "run_training.setup": {
                                                    "total": 0.0,
                                                    "count": 0,
                                                    "is_parallel": true,
                                                    "self": 0.0,
                                                    "children": {
                                                        "steps_from_proto": {
                                                            "total": 0.006324288000001843,
                                                            "count": 1,
                                                            "is_parallel": true,
                                                            "self": 0.002939632000003911,
                                                            "children": {
                                                                "_process_rank_one_or_two_observation": {
                                                                    "total": 0.003384655999997932,
                                                                    "count": 2,
                                                                    "is_parallel": true,
                                                                    "self": 0.003384655999997932
                                                                }
                                                            }
                                                        },
                                                        "UnityEnvironment.step": {
                                                            "total": 0.03257509600000219,
                                                            "count": 1,
                                                            "is_parallel": true,
                                                            "self": 0.00010749800000198206,
                                                            "children": {
                                                                "UnityEnvironment._generate_step_input": {
                                                                    "total": 0.00015198999999910257,
                                                                    "count": 1,
                                                                    "is_parallel": true,
                                                                    "self": 0.00015198999999910257
                                                                },
                                                                "communicator.exchange": {
                                                                    "total": 0.03189327899999839,
                                                                    "count": 1,
                                                                    "is_parallel": true,
                                                                    "self": 0.03189327899999839
                                                                },
                                                                "steps_from_proto": {
                                                                    "total": 0.0004223290000027191,
                                                                    "count": 1,
                                                                    "is_parallel": true,
                                                                    "self": 0.00026617700000386435,
                                                                    "children": {
                                                                        "_process_rank_one_or_two_observation": {
                                                                            "total": 0.00015615199999885476,
                                                                            "count": 2,
                                                                            "is_parallel": true,