{"count":1,"self":96.9913536,"total":151.89099009999998,"children":{"InitializeActuators":{"count":480,"self":0.0020007,"total":0.0020007,"children":null},"InitializeSensors":{"count":480,"self":0.0070015999999999993,"total":0.0070015999999999993,"children":null},"AgentSendState":{"count":7320,"self":0.78068909999999991,"total":2.4981082,"children":{"CollectObservations":{"count":351360,"self":1.2643049,"total":1.2643049,"children":null},"WriteActionMask":{"count":351360,"self":0.2180604,"total":0.2180604,"children":null},"RequestDecision":{"count":351360,"self":0.23505379999999998,"total":0.23505379999999998,"children":null}}},"DecideAction":{"count":7320,"self":51.681231999999994,"total":51.681232099999995,"children":null},"AgentAct":{"count":7320,"self":0.71029179999999992,"total":0.71029179999999992,"children":null}},"gauges":{"Snake.CumulativeReward":{"count":64231,"max":20,"min":-1,"runningAverage":5.15196657,"value":-1,"weightedAverage":0.8156611}},"metadata":{"timer_format_version":"0.1.0","start_time_seconds":"1636618797","unity_version":"2020.3.22f1","command_line_arguments":"C:\\Program Files\\Unity\\Hub\\Editor\\2020.3.22f1\\Editor\\Unity.exe -projectpath D:\/Student projects\/MED704_2021\/Christian's ML snake game\/MED7_ML_Miniproject\/Unity_ML -useHub -hubIPC -cloudEnvironment production -skipUpgradeDialogs -hubSessionId 028e5790-4207-11ec-bf28-219d25638f9c -accessToken TWoRavATsUii0Gb93NWDF7OC7jvRi8JTWVuv9uhk9Q8005f","communication_protocol_version":"1.5.0","com.unity.ml-agents_version":"2.1.0-exp.1","scene_name":"Snake","end_time_seconds":"1636618949"}}